engine,symbol,quantity,entry_pt,exit_pt,entry_avg,exit_avg,exit_reason,gross_pnl,hold_seconds
CORE,SPY261005P00768000,4,07:32:03,07:37:24,0.2,0.16,STOP,-16.00,320.812
CORE,SPY261005P00768000,4,07:44:02,07:56:35,0.17,0.13,STOP,-16.00,752.497
RANGE,SPY261005C00777000,4,09:26:03,09:26:04,0.05,0.04,STOP,-4.00,0.922
RANGE,SPY261005C00777000,4,09:27:04,09:27:06,0.05,0.04,STOP,-4.00,2.102
SURGE,VEEA,239,09:28:04,09:35:25,4.98,4.9,STOP,-19.12,440.785
SURGE,VEEA,395,09:41:17,09:51:27,5,5.069518987341772151898734177,TIME,27.46,609.818
SURGE,JAGX,334,10:16:34,10:26:38,4.93,4.9,TIME,-10.02,603.655
SURGE,VEEA,327,10:37:30,10:40:53,5.06,5.240397553516819571865443425,TARGET,58.99,203.108
SURGE,JAGX,398,10:49:16,10:52:02,4.87,4.79,STOP,-31.84,165.696
SURGE,AMOD,405,11:39:31,11:49:37,3.91,3.94,TIME,12.15,605.731
SURGE,JAGX,226,12:27:28,12:34:07,4.85,4.75,STOP,-22.60,398.94
